{
	"pages": [
		// pages数组中第一项表示应用启动页，参考：https://uniapp.dcloud.io/collocation/pages
		//================================ main
		{
			"path": "pages/main/home/HomeTabbar",
			"style": {
				"navigationBarTitleText": "消息",
				"app-plus": {
					// #ifdef H5
					"titleNView" : false
					// #endif
					
				}
			}
		},
		{
			"path": "pages/main/contact/ContactTabbar",
			"style": {
				"navigationBarTitleText": "通讯录",
				"enablePullDownRefresh": true,
				"app-plus": {
					// #ifdef H5
					"titleNView" : false
					// #endif
				}
			}
		},
		{
			"path": "pages/main/find/FindTabbar",
			"style": {
				"navigationBarTitleText": "发现",
				"app-plus": {
					// #ifdef H5
					"titleNView" : false
					// #endif
				}
			}
		},
		{
			"path": "pages/main/more/MoreTabbar",
			"style": {
			    "navigationBarTitleText": "个人中心",
				"enablePullDownRefresh": true,
			    "app-plus": {
					// #ifdef H5
					"titleNView" : false
					// #endif
			    }
			}
		},
		//======================= user ===========================
		{
			"path":"pages/framework/view/Webview"
		},
		
		//======================= user ===========================
		// user module
		{
		    "path": "pages/user/view/Login",
		    "style": {
		        "navigationBarTitleText": "登陆",
				"app-plus": {
					"titleNView": false //禁用原生导航栏  
				}
		    }
		},
		{
		    "path": "pages/user/view/Register",
		    "style": {
		        "navigationBarTitleText": "立即注册"
		    }
		},
		//======================= single chat ===========================
		{
			"path": "pages/chat/view/hm-chat",
			"style": {
				"navigationBarTitleText": "天",
				"app-plus": {
					"softinputMode":"adjustResize"
				}
			}
		},
		{
			"path":"pages/chat/view/ConfirmFriendList",
			"style": {
			    "navigationBarTitleText": "新的朋友",
				"app-plus": {
					"titleNView": {
						"buttons": [ 
							{
								"text": "\ue409",
								"fontSrc": "/static/uni.ttf",
								"fontSize": "28px"
							}
						],
						"softinputNavBar":"none",
						"bounce":"none"
					}
				}
			}
		},
		{
			"path":"pages/chat/view/RemarkFriendInfo",
			"style": {
				"navigationBarBackgroundColor":"#fff",
				"navigationBarTextStyle":"black",
			    "navigationBarTitleText": "设置备注",
				"app-plus": {
					"titleNView": {
						// "type":"transparent",
						"buttons": [ 
							{
								"text": "完成",
								"fontSize": "16px"
								// "background":"#42b983"
							}
						]
					},
					"softinputNavBar":"none",
					"bounce":"none"
				}
			}
		},
		{
			"path":"pages/chat/view/pg-chat",
			"style": {
			    "navigationBarTitleText": "",
				"app-plus":{
					"softinputNavBar":"none",
					"bounce":"none",
					"softinputMode" : "adjustPan" //adjustResize | adjustPan 
				}
			}
		},
		{
			"path":"pages/chat/view/SingleChat",
			"style": {
			    "navigationBarTitleText": "",
				"app-plus":{
					"softinputNavBar":"none",
					"bounce":"none",
					"softinputMode" : "adjustPan" ,//adjustResize | adjustPan 
					"titleNView": {
					    "buttons": [ 
					        {
					            "text": "\ue537",
					            "fontSrc": "/static/uni.ttf",
					            "fontSize": "28px"
					        }
					    ]
					}
				}
			}
		},
		{
			"path":"pages/chat/view/UserBasicInfo",
			"style": {
				"navigationBarBackgroundColor":"#fff",
				"navigationBarTextStyle":"black",
			    "navigationBarTitleText": "",
				"app-plus": {
				    "softinputNavBar": "none"
				}
			}
		},
		{
			"path": "pages/chat/view/SearchUser", //搜索页面
			"style": {
				"navigationBarTitleText": "添加朋友"
			}
		},
		{
			"path": "pages/chat/view/ShareCard", //分享个人名片
			"style": {
				"navigationBarTitleText": "选择联系人"
			}
		},
		{
			"path": "pages/chat/view/ShareToConversation", //分享到最近聊天
			"style": {
				"navigationBarTitleText": "",
				"app-plus": {
					"titleNView": {
					    "buttons": [ 
					        {
					            "text": "\ue537",
					            "fontSrc": "/static/uni.ttf",
					            "fontSize": "28px"
					        }
					    ]
					}
				}
			}
		},
		{
			"path": "pages/chat/view/ShareToFriend", //分享到最近聊天
			"style": {
				"navigationBarTitleText": "",
				"app-plus": {
					"titleNView": {
					    "buttons": [ 
					        {
					            "text": "\ue537",
					            "fontSrc": "/static/uni.ttf",
					            "fontSize": "28px"
					        }
					    ]
					}
				}
			}
		},
		{
			"path": "pages/chat/view/ShareToGroup", //分享到最近聊天
			"style": {
				"navigationBarTitleText": "",
				"app-plus": {
					"titleNView": {
					    "buttons": [ 
					        {
					            "text": "\ue537",
					            "fontSrc": "/static/uni.ttf",
					            "fontSize": "28px"
					        }
					    ]
					}
				}
			}
		},
		{
			"path": "pages/chat/view/AddFriendApply", //搜索页面
			"style": {
				"navigationBarTitleText": "",
				"app-plus": {
					"titleNView": {  
						"buttons": [{  
							"text": "发送"  ,
							"fontSize": "16px"
						}]  
					} 
				}
			}
		},
		//======================= group chat ===========================
		{
			"path":"pages/chat/view/GroupList",
			"style": {
			    "navigationBarTitleText": "群组",
				"enablePullDownRefresh": true,
				"app-plus": {
					"titleNView": {
					    "buttons": [ 
					        {
					            "text": "\ue409",
					            "fontSrc": "/static/uni.ttf",
					            "fontSize": "28px"
					        }
					    ]
					},
					"softinputNavBar":"none",
					"bounce":"none"
				}
			}
		},
		{
			"path":"pages/chat/view/GroupChat",
			"style": {
			    "navigationBarTitleText": "",
				"app-plus": {
					"softinputMode" : "adjustPan", //adjustResize | adjustPan 
					"softinputNavBar":"none",
					"bounce":"none",
					"titleNView": {
					    "buttons": [ 
					        {
					            "text": "\ue537",
					            "fontSrc": "/static/uni.ttf",
					            "fontSize": "28px"
					        }
					    ]
					}
				}
			}
		},
		{
			"path":"pages/chat/view/GroupInfo",
			"style": {
			    "navigationBarTitleText": "群信息",
				"enablePullDownRefresh": true
			}
		},
		{
			"path":"pages/chat/view/GroupCreateQrcode",
			"style": {
			    "navigationBarTitleText": "群二维码名片"
			}
		},
		{
			"path":"pages/chat/view/JoinGroup",
			"style": {
				// 通过二维码加入群
			    "navigationBarTitleText": ""
			}
		},
		{
			"path":"pages/chat/view/GroupMemberList",
			"style": {
			    "navigationBarTitleText": "聊天群成员",
				"enablePullDownRefresh": true
			}
		},
		{
			"path":"pages/chat/view/GroupMemberRemove",
			"style": {
			    "navigationBarTitleText": "", // 移除群成员
				"app-plus": {
					"titleNView": {
						// "type":"transparent",
						"buttons": [ 
							{
								"text": "删除",
								"fontSize": "16px"
								// "background":"#42b983"
							}
						]
					}
				}
			}
		},
		{
			"path":"pages/chat/view/GroupMemberAdd",
			"style": {
			    "navigationBarTitleText": "", // 添加群成员
				"app-plus": {
					"titleNView": {
						// "type":"transparent",
						"buttons": [ 
							{
								"text": "完成",
								"fontSize": "16px"
								// "background":"#42b983"
							}
						]
					}
				}
			}
		},
		{
			"path":"pages/chat/view/GroupCreate",
			"style": {
			    "navigationBarTitleText": "创建群组",
				"app-plus": {
					"titleNView": {
						// "type":"transparent",
						"buttons": [ 
							{
								"text": "完成",
								"fontSize": "16px"
								// "background":"#42b983"
							}
						]
					}
				}
			}
		},
		{
			"path":"pages/chat/view/ModifyGroupInfo",
			"style": {
			    "navigationBarTitleText": "",
				"app-plus": {
					"titleNView": {
						// "type":"transparent",
						"buttons": [ 
							{
								"text": "完成",
								"fontSize": "16px"
								// "background":"#42b983"
							}
						]
					}
				}
			}
		},
		
		//======================= kefu ===========================
		{
			"path":"pages/kefu/view/KefuList",
			"style": {
				"navigationBarTitleText": "客服列表",
				"enablePullDownRefresh": true
			}
		},
		{
			"path":"pages/kefu/view/KefuChat",
			"style": {
			    "navigationBarTitleText": ""
			}
		},
		
		///////////
		{
			"path":"pages/user/view/more/PersonInfoList",
			"style": {
			    "navigationBarTitleText": "个人信息"
			}
		},
		{
			"path":"pages/user/view/more/MyQrcodeCard",
			"style": {
			    "navigationBarTitleText": "我的二维码"
			}
		},
		{
			"path":"pages/user/view/more/SystemSetting",
			"style": {
			    "navigationBarTitleText": "设置"
			}
		},
		{
			"path":"pages/user/view/more/ModifyNickname",
			"style": {
			    "navigationBarTitleText": "修改昵称",
				"app-plus": {
					"titleNView": {
						// "type":"transparent",
						"buttons": [ 
							{
								"text": "完成",
								"fontSize": "16px"
								// "background":"#42b983"
							}
						]
					}
				}
			}
		},
		{
			"path":"pages/user/view/ModifyPassword",
			"style": {
			    "navigationBarTitleText": "修改密码",
				"app-plus": {
					"titleNView": {
						// "type":"transparent",
						"buttons": [ 
							{
								"text": "完成",
								"fontSize": "16px"
								// "background":"#42b983"
							}
						]
					}
				}
			}
		},
		{
			"path":"pages/main/more/Feedback",
			"style": {
			    "navigationBarTitleText": "意见反馈",
				"app-plus": {
					"titleNView": {
						// "type":"transparent",
						"buttons": [ 
							{
								"text": "完成",
								"fontSize": "16px"
								// "background":"#42b983"
							}
						]
					}
				}
			}
		},
		{
			"path":"pages/main/more/About",
			"style": {
			    "navigationBarTitleText": "关于我们"
			}
		}
	],
	"globalStyle": {
		"navigationBarTextStyle": "white",
		"navigationBarTitleText": "Hello uniapp",
		"navigationBarBackgroundColor": "#007AFF",
		"backgroundColor": "#F8F8F8",
		"backgroundColorTop": "#F4F5F6",
		"backgroundColorBottom": "#F4F5F6"
	},
	"tabBar": {
		"color":"#fff",
		"selectedColor":"#0e90d2",
		"backgroundColor":"#2a2e32",
		"fontSize":"14px",
		"list": [
			{
				"pagePath": "pages/main/home/HomeTabbar",
				"text": "消息"
			},
			{
				"pagePath": "pages/main/contact/ContactTabbar",
				"text": "通讯录"
			}, 
			{
				"pagePath": "pages/main/find/FindTabbar",
				"text": "发现"
			}, 
			{
				"pagePath": "pages/main/more/MoreTabbar",
				"text": "我"
			}
		]
	}
}
